ID,meanAGB,100Y,AGBeq,c,t
28,167.5084574,166.8266439,166.8924941,3.177893599,11.1187624
29,136.0092429,133.6727973,133.6789649,3.338389936,8.937054439
34,156.0502643,149.5976015,149.9814973,2.004718716,15.00880035
35,161.9178727,155.148608,155.9741664,1.840088249,17.0940506
36,110.9599302,104.4063653,104.4070882,3.135338199,7.678634607
37,84.67546013,83.14729035,83.15464186,0.948018235,10.77566308
39,147.8246899,144.5976635,144.6177977,5.259730598,9.488159496
40,153.4671194,143.7751515,144.2606853,2.664567479,14.98550005
41,107.7354644,101.989085,101.9988422,3.734399449,9.45871598
42,70.04378328,68.6510013,68.69689594,1.287358137,13.22116776
47,119.2079986,115.1565537,115.1576402,6.855715842,7.409513896
48,93.2562248,91.74689557,91.74792838,4.213271506,7.792559376
49,54.25786073,54.47705486,54.48388385,1.428282955,10.70556369
50,53.85560616,54.00227474,54.00793758,1.341872094,10.57416293
51,35.30356814,34.76402755,35.29927482,1.000000008,23.87267905
56,161.7456952,146.961481,148.5329617,1.855633308,19.36271196
57,104.6858728,103.9137651,103.9158727,4.40372776,8.137880035
58,52.80362342,53.09491203,53.10542495,1.625588031,11.09476392
64,125.9429473,124.424176,124.4241792,0.931914369,5.746256948
75,120.8693887,117.7968717,117.804396,1.374155439,10.02358468
79,166.2639764,163.1406494,163.1685681,8.593986695,9.238533817
84,180.3164311,173.2069671,175.6686851,1.078867195,23.02483095
85,85.60587861,85.55272472,85.5528562,1.014688955,7.462506716
88,150.6732168,147.1110563,149.4212544,2.389993697,19.8562241
91,158.2774338,147.048556,150.1680571,0.996483291,25.83581458
94,115.8967021,110.8103626,110.817673,7.895838668,8.552379534
95,108.4455838,108.4726261,108.472642,32.72475062,5.202851018
99,148.4973013,133.3245987,135.527707,0.923694868,24.74874818
101,99.89267956,101.9026027,102.1653982,0.825931131,17.325019
104,129.8695824,129.8851539,129.8851546,1.000000003,5.267341051
108,82.19809626,83.93228733,83.937859,0.802530235,10.6381185
109,94.56737099,98.39945059,98.48665479,0.740254066,14.86145245
110,141.7060243,138.3877243,138.3905261,0.904111683,9.339878463
111,128.1090306,128.1250705,128.1251418,1.000000002,6.943641645
113,121.8764985,121.8610582,121.8613565,1,7.739872063
118,127.0822569,127.0789546,127.0794797,1.000000002,8.066667014
119,128.0158011,128.0360322,128.0363457,1,7.739872068
127,123.1710533,123.1676307,123.1690412,1,8.789346896
128,132.2784045,131.8909808,131.8946142,0.986386522,9.536654958
129,116.0909883,116.0911715,116.0915563,1,7.92576421
130,105.4330416,105.4351435,105.4358654,1,8.409266409
134,123.0257451,123.0266932,123.026821,1.001967961,7.256958206
135,146.2445258,143.6086751,143.8820306,0.940009884,16.11818731
136,130.0002709,129.8075548,129.8082961,0.987700552,8.29133964
137,115.5980532,115.6073813,115.6085891,1,8.71897518
141,126.7316883,125.7227632,125.7271585,0.955691143,9.788559423
142,112.2378678,112.2197318,112.2199385,0.998893826,7.573803128
143,108.085761,108.0606279,108.0619084,0.99874792,8.816866351
146,123.8241748,123.7004557,123.700599,0.987750273,7.32292089
147,123.7805376,123.3511557,123.3520384,0.97387324,8.459510826
148,111.6741039,111.6183323,111.618417,0.995518654,7.0990757
149,100.1825997,100.0398568,100.0416191,0.991753483,9.142076034
150,75.90437014,76.97644705,77.20788507,2.357183081,15.00026675
151,124.0747275,121.2923092,121.3002672,0.885794863,10.51459851
152,109.0849756,109.0749711,109.0752547,0.999019308,7.776565137
153,114.8366758,114.7583732,114.7584689,0.993150888,7.147853436
155,125.4513999,125.060688,125.0610125,0.97072662,7.792723808
156,137.7131676,135.5283598,135.6327018,0.935286587,14.0782474
157,107.8518034,107.0585523,107.1552413,0.998848401,14.26659255
158,106.6301387,107.959826,108.1433669,1.648502514,14.53845816
159,109.0428184,111.1787895,111.4348858,3.05345593,13.90599534
160,125.1089506,124.6488383,124.6495765,0.973800976,8.32622296
161,123.4379253,122.552985,122.5540702,0.9678649,8.619321814
162,148.7502116,147.1613537,147.2974638,0.961251907,14.39419489
163,118.5986788,118.5435633,118.5443801,1.000347645,8.413399059
164,153.9231895,151.4988833,151.7487041,0.946203798,15.73814955
165,124.3685912,123.724035,123.72996,0.972758411,10.08159356
166,133.6212866,131.1910666,131.541916,0.94637456,17.03089379
167,123.6375039,120.7630131,121.4383631,0.950744348,19.44932997
168,144.1523307,143.7545231,144.9433714,1.504617366,19.19195259
169,126.4769469,125.5816796,127.8175213,1.609197035,22.13178309
172,123.8088469,122.994219,123.0387651,0.987441735,12.64047695
173,135.7588921,133.5626764,133.6524555,0.952464098,13.77987523
174,123.545871,123.5234524,123.5240175,0.99824852,8.134598111
175,123.3372711,123.3372415,123.3375055,0.999931957,7.660152475
176,120.4871697,120.469735,120.4702031,0.998852333,8.02757935
177,120.8246715,120.610376,120.6129275,0.988124692,9.300840225
178,137.0516333,136.0280546,136.1626937,0.974488377,14.50709683
179,116.4738409,116.297883,116.3010156,0.991862314,9.511234964
180,105.2289921,104.946381,104.9492561,0.988100807,9.529996204
181,111.880697,110.0972846,110.1917528,0.956159274,14.25130325
187,132.7592794,132.2238359,132.2978761,1.022316248,13.31510259
188,141.3730254,140.5685825,140.7028662,0.986213955,14.40802638
189,123.3795982,123.2197374,123.2202565,0.990743326,8.085382326
190,123.5226029,123.5217716,123.522009,1.000071199,7.597590007
191,115.6209623,115.617213,115.6176091,0.99965429,7.946681096
192,123.3875031,122.8146352,122.820559,0.974109357,10.08748902
193,121.2157739,121.0866375,121.0940295,0.993898302,10.31160157
194,112.7279808,112.6449295,112.6475795,0.999280749,9.383705547
195,123.7090683,122.8801597,123.1795863,1.005324096,16.59797087
196,126.7630949,125.2010453,126.074963,0.998796085,20.11892179
197,123.0167122,121.3414334,122.18842,1.012038346,20.0659776
201,133.0154407,131.9188598,133.4378413,1.323871019,21.03156602
203,132.0311454,131.5725259,131.6767149,0.993128177,14.01540535
204,129.5403078,129.0636099,129.1298493,1.000558739,13.19982631
205,113.6845542,113.542113,113.5448845,0.993530284,9.421454285
206,110.2257325,110.1881417,110.1896122,0.998336808,8.910494064
207,102.5339738,102.4786191,102.4797352,0.99647279,8.753476633
208,111.2130131,111.0207027,111.0264189,0.992154555,10.13546925
209,105.2954549,105.2901368,105.2952891,1.004605135,10.07080622
210,111.269946,111.0070149,111.0305176,0.990630595,11.83287361
211,104.7747282,104.4005954,104.4242963,0.986274108,11.9376138
212,119.0844625,117.1945884,117.7956663,0.980920658,19.01586017
213,150.5613155,145.0305706,150.2619999,0.99915289,29.78971404
214,127.6741677,121.4474738,122.6664874,0.919999843,22.08247042
219,135.3899993,134.8511215,134.9938231,0.993598776,14.60747499
220,120.250073,119.760618,119.7909097,0.982458075,12.09931005
221,95.67007445,95.56627665,95.56911079,0.991737358,9.599167626
222,96.30057157,96.05362238,96.05773461,0.987426173,9.954125935
223,100.4858501,100.3914149,100.3960399,0.995273543,10.01936751
224,102.5169671,102.5141859,102.5209062,1.000000011,10.38131576
225,101.8483162,101.8375733,101.8456317,0.999986469,10.58819123
226,97.40571899,97.2943102,97.31534964,0.997758338,11.85245698
227,105.938511,105.3216461,105.4715304,0.989283471,15.27751802
228,104.4888124,101.4316721,101.617736,0.930777902,16.0482306
229,150.3685582,142.7483011,149.2798012,0.997508617,31.98212355
232,102.2543078,103.7346605,103.7496206,4.736864573,9.61569194
234,106.4466095,102.0302203,103.2180355,1.267977742,21.27238525
235,100.447261,100.1677991,100.1973982,0.99059438,12.3187488
236,104.3582605,103.8370281,103.9523345,0.988220327,14.72265824
237,87.49790333,87.47149217,87.50089941,1,12.5028703
238,82.15262549,82.14621101,82.15545194,0.999788889,10.99805748
239,80.98619899,80.67675996,80.68135906,0.985159163,10.24857984
240,85.64678581,85.64976626,85.65288576,1.000000009,9.784367114
241,87.93325026,87.9345983,87.94158897,1.000000002,10.59338566
242,94.51962703,94.49591888,94.51683574,1.000000005,11.88216075
243,94.71315714,94.68286064,94.71354393,1.000000006,12.4457148
244,98.45083655,97.78429018,97.78876439,0.976046576,10.03211363
245,105.5869423,101.8482066,102.1347221,0.926542094,17.24116852
246,139.5363424,134.1019065,138.7347036,0.99725298,29.44035303
247,149.3904568,148.6156295,149.104716,3.580048048,14.29785212
251,114.1607934,112.7743517,113.6605652,0.994536091,20.62469526
252,88.30566307,88.24333787,88.2725493,0.998791391,12.48063086
253,95.84887819,95.39449235,95.57303818,0.993421359,15.93319148
254,107.3933472,105.8438345,107.0706533,0.9969915,22.39105704
255,115.0135291,112.6128354,114.8862746,0.999291476,25.49753832
256,81.70786591,81.68224042,81.71188986,0.99984556,12.62409939
257,86.27167637,86.2395262,86.27044481,1.000000005,12.6041671
258,85.93993314,85.92639035,85.9389714,1,11.32605304
259,88.02179909,88.02546378,88.02792025,1,9.535901926
260,108.1006252,104.0818608,104.1066176,0.87647616,12.17694334
261,120.4850656,118.3633806,118.9742127,0.972586193,19.06899151
262,112.4873733,111.0413141,111.8300847,0.992245772,20.21629999
263,95.04617127,96.61890558,96.6541016,1.394636232,12.12041429
265,69.68956248,69.74432853,69.75337673,1.050255199,11.11211601
267,103.5717675,103.5016226,103.5079735,1.004001806,10.30630601
268,96.26731221,96.16856439,96.17452313,0.994685311,10.32659663
269,93.65293486,93.58116494,93.58649858,0.995846414,10.23704192
270,81.81316511,81.78502419,81.81277342,1.000000005,12.51724181
271,94.16098081,93.44045479,93.99341647,1.015797974,19.4125002
272,103.013921,101.9880069,102.8013137,0.997755887,20.67308523
273,105.4978542,104.7182137,105.2846233,0.997160475,19.14876372
274,89.40086037,89.37511843,89.40421499,1.000000001,12.45283019
275,85.43974424,85.47634329,85.47653365,1.196998415,7.578821769
276,120.3055645,118.9328968,119.1155449,0.976652389,15.48783125
277,104.8920809,103.3554752,103.4174394,0.956353354,13.55866294
278,120.187815,118.7841873,119.4411702,0.989736258,19.2580524
279,81.45705192,81.12660217,81.12682049,0.976556156,7.8113851
282,95.15176508,95.28992425,95.2968755,1.8061379,9.884348204
284,125.5709943,125.488386,125.4884073,0.993381067,6.418259378
285,117.2518426,117.2583137,117.2586945,0.999643616,7.913072985
286,94.22461101,94.22117635,94.22718516,1.000000001,10.35171266
287,104.4448033,104.2558754,104.2831639,0.993541422,12.13309215
288,125.3178323,123.2652101,125.1745706,0.9989448,23.91261396
289,103.6754176,102.2613246,103.1923415,0.998918714,21.24497466
290,116.6993513,114.1224987,116.5805103,1.000050908,25.91157076
291,131.2259904,128.2747234,130.8856042,0.99838863,25.55558101
292,97.89800163,97.78449774,97.83953204,0.997456227,13.3679455
293,87.76621505,87.76586814,87.76598933,1.341711051,7.253366607
294,107.1441454,105.3530593,105.394517,1.023664072,12.71589062
295,146.2578367,139.8618539,145.8851731,0.998878379,31.38650572
296,83.6970357,83.30914279,83.32426853,0.984531901,11.62992262
297,112.3364396,106.7751437,111.8079232,0.998567886,32.26420876
298,82.84917608,82.79193838,82.91783626,1.258238068,14.88163697
302,176.3386395,174.9994151,175.9838433,0.997441245,19.29186646
303,125.2279547,125.0590323,125.059761,0.988792619,8.304464856
304,111.9753047,111.9327232,111.9340165,0.997444352,8.798232575
305,102.7529464,102.7541468,102.7565552,1.000000003,9.379845158
306,125.5003908,124.8851698,125.3829826,0.998592152,18.09136776
307,159.5407739,154.8076985,159.3828166,1.001434778,28.15244434
308,117.8677888,116.5668588,117.6399174,0.997916482,21.29907701
309,110.3348791,108.6216744,108.7437072,1.171669594,14.38681958
310,91.95751564,91.86366313,91.89086597,1.016849503,12.28238334
311,126.6284493,125.54578,126.2709643,0.995962121,19.39591361
312,136.5606973,134.5212662,136.0486887,0.997317351,22.2877977
313,151.3181647,140.386027,150.7086475,0.998863917,37.31463053
314,143.4461473,134.5826578,142.8280606,0.998794117,35.07769251
315,97.11602695,94.48819795,95.75078209,0.98144794,23.20192537
316,89.27174624,89.41012539,89.43001316,1.70867087,11.17721025
318,123.4488863,121.7150418,122.9938921,0.995794186,21.92030375
319,109.6256739,108.55995,108.9452551,0.988650254,17.75199071
320,164.659745,163.6156908,164.3808391,0.997341951,18.63163264
321,121.8303127,121.7830177,121.7832351,0.996351072,7.557176145
322,103.8988123,103.8949234,103.8949847,1.000000059,6.97183145
323,104.3236784,104.2171161,104.2173342,1.005315189,7.64393023
324,121.0653733,120.881537,121.0244714,0.999013647,14.83596698
325,164.2040557,161.0496653,164.0488028,0.999340266,24.9925939
326,160.3506568,154.9547369,160.2408612,0.999504207,29.31601262
327,152.1931518,146.1921243,151.9056012,0.999267094,30.49047895
328,129.5239444,126.1860648,129.2837043,0.998864287,26.80788168
329,133.284499,129.9366463,132.9113519,0.99822481,26.33116827
330,106.8376012,103.9852622,104.1597842,0.950154782,15.77151795
331,138.818984,131.091601,135.3605842,0.98274366,29.07450548
332,147.3417537,132.9649778,146.2689389,0.999280128,41.72405757
333,125.802325,119.2881119,125.1785021,1.006421797,32.65127858
334,79.89280313,79.58981943,79.62980607,1.45577584,12.5438113
335,88.86321054,88.95198026,88.96203073,1.222141405,10.76549124
339,122.2356674,120.3754354,121.8872826,0.997824401,22.79150292
340,121.0884723,118.9703258,120.3860662,0.992750646,22.54375392
341,92.47071522,92.40765987,92.47244794,1,13.76738306
342,114.4207839,114.3926945,114.3945905,0.99841998,9.085912072
343,129.1073866,128.7274026,128.7469482,0.986135182,11.39095707
344,173.6927425,171.6084185,172.8567021,0.993001696,20.30994585
345,109.7334448,109.6811138,109.6835111,1.131942591,9.212368409
346,107.393086,107.3021721,107.3059991,0.995959642,9.768190131
347,106.1022259,106.0771333,106.0849328,1.038388296,10.46506527
348,104.251654,104.1676611,104.1921957,1.000307552,11.97000743
349,120.1737187,118.8498478,118.9794402,1.097961947,14.45981195
350,116.8573423,116.2413262,116.7397576,0.999884983,18.32803648
351,110.1802962,108.8676964,109.5297562,1.031381076,19.4575154
352,151.1391718,143.0100849,150.045945,0.997668332,32.7049312
353,148.7336281,138.9717111,146.226145,1.006432096,33.22488977
354,120.5049929,109.811562,111.1709527,1.149809159,22.01271689
355,117.6609542,114.624902,116.7762833,1.192539828,23.98807277
356,96.25922599,95.24383424,95.38206559,1.577161719,14.3018987
357,91.36642349,91.52878666,91.54501785,1.388817265,11.15314733
359,50.3,50.28559334,50.29978926,1.000015236,12.2356831
362,87.52311724,87.48428032,87.5066852,0.999360971,12.09255242
363,82.84271471,82.83633854,82.8561634,1,11.99339207
364,88.9716108,88.92692441,88.97069589,1,13.1283906
365,118.3276719,118.2884131,118.2888065,1.03724214,7.904973045
366,153.1722009,152.8971379,152.9331028,0.992605104,11.97921745
367,175.749964,174.8363966,175.3141683,0.994635958,16.94963844
368,116.8587177,116.8691035,116.8693172,1.068317407,7.531286034
369,107.0132159,107.0142308,107.0159908,1.005690782,9.073512457
370,141.1344688,140.5171907,141.0859617,0.99943041,18.13868695
371,106.1652801,106.0431916,106.0512453,1.042211149,10.49660137
372,127.7340979,127.2037279,127.2772733,1.221395961,13.0613745
373,133.7923084,132.7441433,133.6431346,0.99866788,19.99869426
374,96.66262456,93.52715797,93.53015749,1.716613144,9.184480646
375,124.8503788,122.2540343,124.2180575,1.005053803,24.08451935
376,121.2132119,116.9801716,120.433433,1.009463283,28.08151735
377,118.4290843,116.6818641,118.2982013,1.45763062,21.42381495
378,99.15413276,99.02283654,99.05201426,3.179759316,10.76808807
379,97.84445755,96.19875532,96.58388243,1.275465372,17.33861412
380,77.20375064,77.14924316,77.20536404,1.098452529,13.6601083
384,154.8817336,154.6716589,154.717015,1.001769296,12.29018311
385,160.3479793,159.9356558,160.008732,0.990871426,13.0169131
386,128.2890396,128.1663807,128.1671736,1.032936138,8.315555664
387,117.0228251,117.006154,117.0065881,1.018599181,7.985280514
388,125.8760532,125.53216,125.5729773,0.990089302,12.46637427
389,111.6270408,111.2027189,111.2609068,1.015667648,13.20742758
390,121.5201593,121.1695545,121.3196337,1.001381078,14.93339653
391,123.2607166,122.2745014,122.303613,1.345806411,11.57395418
392,118.9776459,117.9056341,117.9294243,1.224081778,11.48007694
393,119.5741237,111.8465127,111.8514066,1.650365934,9.489521291
394,129.882615,117.3279343,117.3972073,1.363260802,12.91144712
395,119.621081,114.7632464,115.1726499,1.098070878,17.44323212
396,110.9978973,110.9510595,111.1884071,2.398368366,14.23766923
397,89.67668876,89.73408146,89.75472056,3.210783709,10.47769447
398,71.60697838,71.6743,71.68808656,1.685576369,11.01509085
399,76.09259682,75.63024873,75.71072705,1.256223408,14.13489746
400,71.15392918,71.1806185,71.19784393,1.195221627,11.75759152
401,77.65656266,77.70984386,77.73878967,1.779692256,11.80352848
402,81.87556351,81.98088814,82.00242913,2.624903164,10.85834231
405,168.883248,168.5519648,168.695995,0.99586654,14.16091544
406,167.2730535,166.7189056,166.8876888,0.993363679,14.51419669
407,120.7078355,120.6708692,120.671246,1.015882793,7.878648657
408,122.0697775,122.0728493,122.0738892,1.017472953,8.553857196
409,113.6561149,113.6306512,113.6329307,1.004980916,9.240659988
410,119.3421551,119.047974,119.0712036,1.003814107,11.7015783
411,134.1335751,133.7347447,134.0610566,0.998572307,16.6202137
412,130.5189512,130.1456619,130.4120977,0.999238986,16.14840776
413,108.3592051,108.3582183,108.3586801,1.590254699,7.79438528
414,125.3481743,123.5152702,123.6789338,1.056639364,14.96403556
415,110.3705894,107.327231,107.3324366,1.519282976,9.659791535
416,93.74063236,93.63605117,93.64213521,1.397355503,10.02391739
417,99.41396786,99.01454555,99.0574991,2.264987018,11.68117269
418,102.6309418,102.6167742,102.6583395,3.576132689,11.00590421
419,76.00071281,70.7071074,70.83751036,1.310741131,15.22559238
420,72.7290224,72.73545749,72.7645994,1.160015853,12.54514123
421,72.06495463,72.06472556,72.10164332,1.312223595,12.74079892
422,69.17243364,69.1864904,69.23463236,1.530934929,12.99231047
423,99.37056908,97.60629867,98.49997775,1.965620523,18.60106351
427,152.3081087,152.1308056,152.2353895,0.997586108,13.73479664
428,134.2192417,133.9347983,133.9519603,0.994993126,11.16380358
429,124.724023,124.6406981,124.6440015,1.019055059,9.47224769
430,126.165378,126.0147917,126.0214797,1.01645061,10.14177174
431,117.1629499,117.1833743,117.1848426,1.077145203,8.80150993
432,131.3695952,131.066446,131.1026021,1.018752961,12.17364306
433,122.7937703,122.6020595,122.608378,1.147061434,9.989554611
434,139.2846424,138.7375733,138.9469078,1.052673536,15.26901992
435,118.0137937,117.9032473,117.9075071,1.591091323,9.352046247
436,118.9343996,118.8340864,118.8345388,2.235418588,7.528356335
437,111.1470218,111.1078771,111.1082107,2.138697542,7.420533149
438,99.04307042,98.74782065,98.76309534,1.997974241,10.56370326
439,106.4709007,106.385056,106.4151684,3.131723262,10.73922844
440,87.44479627,87.49139656,87.52107537,2.017568488,11.5061435
441,84.16340804,84.19549853,84.21648451,2.096462408,11.06503461
442,64.07576917,64.08610918,64.10463499,1.244605039,11.95043383
443,81.86097657,81.93667064,81.96088307,2.936619777,10.86449562
444,79.77966241,77.95999494,78.8579459,1.454077129,20.62759859
447,178.8151108,177.1711459,178.7910249,1.001906073,21.25054433
448,148.8517135,148.6062137,148.7919187,0.999030332,14.95847153
449,128.7041114,128.603933,128.6120827,1.054206737,10.28873696
450,124.7573054,124.7312331,124.7329329,1.150052063,8.815845329
451,134.8453912,134.6141082,134.6377156,1.038340839,11.51224386
452,136.8414887,136.3405703,136.3985637,1.024292651,12.84190909
453,124.7300158,124.7280858,124.7298069,1.242465544,8.765748771
454,135.7796968,134.9662961,135.0341524,1.171887867,12.89578923
455,123.4952549,122.4095855,122.5324983,1.124980912,14.24021418
456,130.2114388,129.0153278,129.395708,1.123176152,16.81956115
462,81.31685964,81.39900172,81.42726271,2.849615264,11.09501804
463,77.23613932,77.26915919,77.30059306,2.609915413,11.40671832
464,67.87607604,67.41613653,67.53977892,1.829155034,14.47907718
467,169.9540571,169.083359,169.844156,1.025630603,18.40427039
468,161.3169027,160.8259208,161.2686717,1.000736202,16.95330578
469,153.1414763,152.8729722,153.0647585,1.001820397,14.96098378
470,130.174662,130.0931979,130.094609,1.347525291,8.525221415
471,109.3019045,109.3044233,109.3050327,1.058061496,8.227978205
472,129.234714,128.9838994,128.9870519,1.249357708,9.223483114
473,128.3036587,128.0598891,128.0625189,1.291009309,9.050767271
474,120.99268,120.1401693,120.1521033,1.221536878,10.61884626
475,123.6145071,122.4085344,122.6114246,1.048654714,15.50007892
476,132.7082261,131.3280621,132.2277739,1.037014893,19.89483049
477,100.0780898,100.1059297,100.1072913,1.943799288,8.424588108
484,85.48729554,83.45429597,84.95882862,1.214445391,23.66080599
485,88.38203877,88.46696035,88.52855726,2.051765912,12.51722492
486,81.78506373,81.84375949,81.90117846,1.269033649,13.33142198
488,134.0071476,133.7824741,133.9048101,1.022050142,14.24518835
489,124.9718526,124.7659627,124.7893515,1.045517409,11.5920096
490,142.0253088,141.8362392,142.0020973,1.000138339,14.80910533
491,120.7565998,120.7691269,120.7710703,1.211949048,8.905180109
492,122.9881581,122.8734962,122.8762411,1.229897281,9.160748636
493,124.8074557,124.7103232,124.7137979,1.237534003,9.344594069
494,126.2335463,126.0411832,126.0448154,1.321252544,9.316964368
495,136.0068512,135.3332887,135.3618366,1.179125103,11.58899056
496,131.0248139,130.166239,130.6605415,1.039766078,17.80584408
497,99.64662469,99.64902501,99.64924166,2.47937865,7.170060053
501,44.69077306,43.85175768,43.85283875,1.057158469,9.375385754
505,84.39499993,84.32638751,84.3323859,1.079946231,10.38643902
506,85.56547092,85.61341332,85.62490805,2.80986217,10.05132719
507,92.44562533,92.42394611,92.51473821,2.555315646,12.71548302
509,130.6381324,130.1918499,130.2476291,1.027677632,12.8483724
510,120.0507356,119.9643194,119.972269,1.055197887,10.33525013
511,123.9462577,123.8633489,123.8689643,1.142973063,9.866713075
512,118.822624,118.83782,118.8405355,1.131577356,9.250534914
513,116.156994,116.1679331,116.1698935,1.157442406,8.979996899
514,114.7984777,114.8169175,114.8201968,1.084424157,9.483573008
515,113.958924,113.9697211,113.9741466,1.175282488,9.691942495
516,121.357308,121.3521548,121.3537272,1.425544313,8.614424953
517,110.9337484,110.9313151,110.9330123,1.711858463,8.601918662
518,124.0597294,122.397523,122.488476,1.343679619,13.332006
520,123.3696254,123.104299,123.1043357,4.643749448,6.038845729
521,150.5852194,147.5590639,147.7820692,1.995888568,13.91398981
522,80.30919465,78.10475395,79.75048228,1.163350318,24.81041995
526,92.27637636,91.83411358,91.96038142,0.990778741,15.19421985
527,86.75256761,86.81762088,86.83809804,2.532816125,10.77382932
528,94.68701366,94.66404296,94.75410036,2.467866725,12.71995263
529,83.59700437,83.49749844,83.6581493,2.267563492,14.13741387
533,127.2020064,127.0589845,127.0979345,0.99590923,12.36654027
534,123.228195,123.1396698,123.1476028,1.070223495,10.2902093
535,125.1198365,125.0553909,125.0741642,1.03707996,11.31140445
536,116.1579738,116.1158856,116.1217617,1.140281384,9.977279883
537,113.0806423,113.0771644,113.0832306,1.115166373,10.05819648
538,112.6463553,112.6525901,112.6587803,1.24515178,9.971677605
539,132.7358942,131.6401965,131.677642,1.218930272,11.95718198
540,104.5851747,104.6172001,104.6186881,1.823433197,8.502394952
541,128.0762955,127.6341859,127.6449045,2.209808626,9.825201038
545,71.64812179,70.54340285,70.55332176,0.922580394,11.37772201
549,90.05378916,89.60303218,89.67739826,0.987604533,14.11929546
550,86.0869908,86.1080543,86.12823707,2.465921194,10.79766747
551,87.81998451,87.90516377,87.91294792,3.546301355,9.435844518
553,94.15285567,94.07673326,94.25221151,2.598203855,13.8112738
558,132.8874432,132.6419915,132.6899938,1.039211865,12.55811854
559,120.3797634,120.2459452,120.2592385,1.12026508,10.84163117
560,129.6089255,129.2469823,129.5703721,0.999124898,16.68823182
561,113.4058352,113.2062385,113.2360144,1.192716345,11.87684356
562,106.1219734,106.1181138,106.126948,1.517600811,10.19277296
563,124.2201942,123.5462753,123.5799143,1.517727699,11.59269389
564,107.2993158,107.0686055,107.0734518,1.707314388,9.489489191
565,103.5038243,103.4410442,103.4426462,1.952282334,8.514624766
571,106.2916783,105.5648963,106.0714454,1.029621731,18.61029612
572,103.1280239,102.7559379,102.9987309,1.11894245,16.22712399
573,83.46422607,83.38298186,83.39098235,1.071885279,10.72822337
575,93.3471822,93.25968396,93.43332337,2.586827609,13.81619191
578,88.29694824,86.91675816,87.5343112,1.034127848,20.05027453
579,91.17267996,90.60083089,91.13797216,1.064383016,19.2452573
581,94.15503949,94.1067283,94.15835726,1,13.31797235
582,93.55716585,93.50466798,93.55596663,1,13.31797235
583,136.4449328,135.0186139,135.5212984,0.981312362,17.92727618
584,121.1251581,119.680789,119.8616546,0.954416999,15.50454692
585,108.938817,108.9326883,108.9351956,1.000265164,9.363673451
586,121.3237262,120.9004339,121.0172261,1.034847935,14.33171793
587,119.1921702,118.7856588,119.0383026,1.084511696,16.03523376
588,104.4585475,104.4506137,104.4806531,1.297226552,11.88432853
589,107.7463383,107.7489082,107.7726147,1.441176881,11.37985389
590,112.2919778,111.5551123,111.5571674,2.286460703,8.525904935
591,120.4292809,117.7379715,117.8248087,1.609937581,13.00563526
596,109.7732042,106.4001182,109.3764606,0.997913086,27.76204479
604,84.40206289,84.26627042,84.33391441,1.032954377,13.96513258
605,88.53896139,87.98658046,88.24779143,1.01845742,17.12083146
606,84.3589121,83.89476186,84.0842939,0.995074664,16.42013192
607,83.05178639,82.9670012,83.06151824,1.002071938,14.74790242
608,89.22251632,89.1367088,89.22791621,1,14.52261307
609,89.29301679,89.2273449,89.29390674,1,13.88588589
610,97.47034188,97.24965187,97.35013348,0.997303797,14.54884856
611,89.08338729,89.03279948,89.0476082,0.998784022,11.49360127
612,129.441885,127.8274413,128.223563,0.965022442,17.40867953
613,99.26671645,99.15495322,99.15878475,0.995603405,9.84561317
615,115.7523615,114.9455921,115.6520724,0.999968119,19.61548003
616,116.7746398,116.2146217,116.5062555,1.093176628,16.44958029
617,119.0034561,118.3704933,118.7582112,1.132623289,17.09719717
618,124.7294176,124.123281,124.1420595,1.862304527,10.617685
622,81.0438201,80.73183895,80.96282121,1.041279793,16.94973185
623,85.73235888,84.72230683,85.57261615,1.025095849,21.56946083
626,134.1268631,132.8488651,133.8691253,1.011930259,20.45567242
630,83.03605048,83.0148504,83.08292335,1.033707011,14.00530302
631,86.18497945,85.87538678,86.01815648,0.997085799,15.62948169
632,85.47453657,85.22426989,85.36224283,0.997859764,15.56308616
633,96.85378779,96.1251679,96.57196112,0.995490071,18.61698794
634,95.06459852,94.33612896,94.80475405,0.996160441,18.84682194
635,89.92941013,89.82984325,89.9292102,1,14.68869123
636,94.79451632,94.6620096,94.79000115,0.999943419,15.13454978
637,89.25816514,89.2021534,89.21594006,0.997327679,11.39933979
638,145.799883,143.9924761,144.1549715,1.523515695,13.87189259
641,48.6834573,48.53162688,48.53264466,0.983122288,9.297707775
643,106.0274814,105.7594114,105.8099347,1.02038384,13.04267316
648,86.65359495,86.55286938,86.65072695,0.999765115,14.73645438
649,84.92831552,84.8006309,84.93516796,1.001342248,15.50593356
650,84.97394598,84.84803287,84.9714118,1.001617665,15.29888274
651,85.28451012,85.15321183,85.29412607,1,15.6110736
652,91.82461327,91.70080228,91.82676217,1,15.17060369
653,86.53427417,86.41517091,86.53490318,1.000000002,15.19053889
654,91.77939205,91.67508636,91.69448142,0.996355779,11.8237574
655,114.203727,113.615125,113.6451797,1.377686731,11.68471916
656,117.562728,117.2090844,117.3561075,1.054056466,14.84782706
657,133.6531548,132.8979079,133.5491219,1.005966159,18.76411907
658,143.5482762,142.2775119,143.367704,0.998371789,20.50257795
662,72.17924916,72.12579575,72.17597609,1.001462662,13.75005068
663,97.89164669,96.69134486,97.03634608,0.986358837,17.77593698
664,94.30550214,93.6882596,94.03555507,0.999469002,17.8548404
665,84.03354485,83.90119138,84.03705852,1,15.55854643
666,91.39116298,91.26468159,91.39559153,1,15.27080581
667,94.84883918,94.71347212,94.85170338,1,15.31125831
668,90.18368106,90.15317995,90.18639688,1,12.64770241
670,91.21209885,91.18866506,91.19247651,1.059648685,9.861296567
671,138.2210927,137.2682153,138.1725236,1.002294565,19.87529283
672,138.4315102,137.3048576,138.2854959,0.998658472,20.21208819
678,78.1923612,78.20209421,78.21216637,1.035083703,11.12113792
679,88.45603467,88.32399187,88.45279605,0.999987497,15.30943761
680,91.1364231,91.00211649,91.13842823,1,15.37234043
681,93.70354088,93.50491968,93.67595365,0.999306259,15.86032455
682,92.01000188,91.88770146,92.02065183,1,15.29100529
683,127.1247262,126.3107631,126.9467031,0.997894297,18.8881818
684,115.1285549,114.8041974,115.0272754,0.997677108,16.01773625
685,108.2345792,108.1125388,108.1747124,1.002311367,13.39785579
691,93.91277206,93.96236219,94.02299649,1.484944969,12.91704887
692,82.22444181,82.1923559,82.28850031,1.311158527,14.23911622
693,87.42511737,87.3043495,87.42637351,0.999869399,15.21096707
694,87.83508149,87.68870143,87.83698923,1,15.66395664
695,86.46482188,86.31148625,86.46523469,1,15.79234972
696,89.7487294,89.5836803,89.75250479,1,15.93383873
697,138.0127419,132.1536315,137.9678789,1.003573842,31.54374222
698,122.5791862,120.8961186,122.3505221,1.040735708,22.36141728
699,137.658192,134.1089433,137.4696046,1.000127888,26.94407304
700,144.976522,143.3096821,144.4888193,1.027216367,20.68182447
703,129.8346864,129.8439104,129.8467865,3.42168576,8.369738312
704,122.2286251,122.24956,122.2518813,3.217561894,8.305430956
705,116.0541275,116.1424512,116.1452737,2.668180309,8.615966871
706,102.7633417,101.2442867,102.5288021,0.998099826,22.84214656
707,80.54036432,80.3879871,80.54550725,1,16.0332871
708,83.70354623,83.53562744,83.70509015,1,16.12273361
709,99.76705192,99.68811132,99.93850083,1.391109427,15.8251846
710,124.1889398,122.7281455,124.223648,1.210789513,21.69271919
711,122.4334202,120.4531136,122.0961871,1.051273545,22.94676254
712,129.9903985,127.4995845,127.9732571,1.178735845,17.35140584
713,130.0219984,128.9547631,129.9265023,1.008007442,20.39325349
714,138.3697022,137.2520985,137.7359877,1.130292091,17.3204818
715,138.4236379,136.8267697,137.0062133,1.57811156,14.09659987
716,132.0398639,131.1041312,131.1617374,1.966016753,11.89561659
717,112.945312,113.0526378,113.0584596,2.475333072,9.27607822
718,84.56276093,84.60231815,84.6802195,1.255022896,13.85376509
720,125.7485519,122.8054172,125.77547,1.24345732,25.24307027
721,147.2087907,139.9602176,147.5267422,1.116303476,32.49307954
722,154.343801,145.819167,154.4156304,1.03985765,34.17292444
723,119.7056231,118.8380734,119.4208153,1.124362713,18.38366939
724,128.3043022,127.3077825,128.2001927,0.999268958,20.13411895
725,143.3343419,142.1378897,143.2694683,1.013681814,20.5988106
726,158.2012697,155.8242052,157.7612413,1.092949586,22.2802522
727,141.2355621,140.3172215,140.3930943,1.899409076,12.24806046
728,115.9622012,116.0029696,116.0083353,2.178162505,9.293804977
729,124.7836043,122.4168234,124.7711089,1.036841878,24.96202201
730,137.5403253,133.4896869,137.5115091,1.000550152,28.30844791
731,155.8784575,148.7833615,155.8238865,0.99987409,32.29013936
732,113.7158895,113.2934629,113.5519761,1.007020652,16.41481554
733,118.0596905,117.9024407,117.9218693,1.513252887,10.95858148
734,123.1872038,123.0224732,123.0427449,1.528529077,10.94649972
735,136.1510445,135.624656,135.7047334,1.555544359,12.69524821
736,119.5311744,119.5829684,119.5891725,1.949636915,9.492861625
737,119.4882322,118.2317827,119.4317789,1.031265403,21.59332527
738,122.4968174,120.9318718,122.4451778,1.004509041,22.73844647
739,91.58523076,91.57235383,91.60473799,1.051574667,12.50336184
740,110.2328721,109.7890308,110.1731431,0.999390332,17.67326359
741,132.4285794,131.6301429,132.0535162,1.163455409,16.9667602
742,126.4765596,126.3268393,126.3410241,1.61358969,10.4460358
743,139.8251025,138.743729,138.8599507,1.304476261,13.60280399
744,107.6978533,107.1357363,107.5950585,0.999068449,18.3303004
745,111.7951917,111.0121406,111.7363703,1.007836692,19.81543974
746,121.2155831,120.6459132,121.0014679,1.190090941,16.6564688
747,115.9818807,115.3489766,115.4098977,1.495472788,12.58016598
749,124.3035851,123.0787158,124.0491581,1.138964515,20.07902182
750,123.1643571,122.5084166,122.9046659,1.373072543,16.51873283
751,123.0876641,122.7812499,122.8199598,2.298397131,11.24290149
752,123.2370832,123.0263756,123.0832841,1.723635447,12.16025553
753,130.4863173,129.5670098,129.7634113,1.760393281,14.1672812
754,115.2874206,115.3507611,115.35217,3.318796146,7.991993714
755,92.39851373,92.52376213,92.55476921,2.016079038,11.49106909
756,116.5256602,116.6441705,116.64448,3.990254352,7.030557539
757,118.9484455,119.0064214,119.0066148,5.780405515,6.629330948
758,115.6410033,115.7082093,115.772232,2.429140368,11.92247864
759,155.5320856,153.047071,154.9744047,1.003921966,22.77379179
30,94.51808479,89.99137346,90.0798567,2.179755427,12.97928359
31,97.68114738,93.40295271,93.40317336,3.42002232,7.049463218
32,141.3652139,136.1138536,136.1197986,0.809936536,10.17506444
33,92.86565154,92.90474896,92.90581561,1.031673987,8.767311542
38,121.0375311,121.0716375,121.0716396,1.000000002,5.603382251
43,52.48199191,52.56226985,52.56668438,1.224579987,10.43021802
44,32.41552767,31.90058353,32.39174354,1.000000001,23.87267905
45,103.487435,103.5091653,103.5091671,1,5.603382014
46,95.82719498,96.06968847,96.06969904,9.943015911,5.458770275
52,42.48199812,42.44828172,42.48271655,1.0403972,13.97161045
53,103.6436818,104.0432783,104.0433073,18.67792348,5.550013724
54,121.5200815,121.5568302,121.5568324,1.000000002,5.603382344
55,91.35483395,91.5281579,91.52844264,3.980016204,7.111431564
73,63.9,63.89983029,63.89983039,1.000013415,4.934445239
74,86.26882838,86.25469515,86.25482214,1,7.446726075
90,162.5677996,156.6383551,156.7646501,0.801345146,14.48746837
96,134.9039487,134.9010456,134.9010465,0.997972838,5.301288375
98,82.3,82.29987092,82.29987238,1.000007746,5.6033252
105,88.1,88.0998002,88.09991647,1.000004544,7.386581069
106,134.4183974,137.1890074,138.0889425,1.208069734,19.15051402
112,121.8408794,121.8411505,121.8414488,1,7.739872068
120,127.9960353,128.0132924,128.0136058,1,7.739872068
121,125.9940942,126.0074957,126.0078042,1,7.739872068
125,123.375671,123.3816403,123.3823212,1.000000002,8.259385955
126,116.1573842,116.1659379,116.1663524,1.000000001,7.972181915
133,120.253834,120.2558737,120.2563027,1,7.972181944
139,118.8363336,118.8176985,118.8177223,0.99912973,6.484608806
140,117.830563,117.8166567,117.8168135,0.998717091,7.391556594
144,75.88293852,77.43893197,77.46347382,1.960054765,11.45465313
145,121.5600898,121.5269668,121.5269691,0.997112432,5.632046986
154,119.8219813,119.8191027,119.8191061,1.000000005,5.752809246
182,112.013406,110.5487305,110.5801107,0.943993884,12.33092394
183,96.5883668,96.6107963,96.61268078,1.000000008,9.220999153
185,22.8,22.79981967,22.79986203,1.00002882,7.577997245
186,127.7796881,127.6236339,127.6477733,7.021342853,9.503845952
198,126.1835045,127.6738373,128.2988574,1.087074576,18.49239404
199,88.00409198,88.83593725,88.84851366,1.311390692,10.9481818
200,29.8,29.79966131,29.79992274,1.000011863,8.588190578
215,131.1573959,131.5796753,131.5924369,7.845472738,8.848838156
216,112.0406559,112.6286074,112.6377149,6.801473769,8.818387591
217,83.00130423,83.83610517,83.84019329,1.618735025,9.605947203
218,90.19828716,87.68857418,87.7522015,1.703378567,12.8837869
230,136.578019,138.0609863,140.6440944,1.131800799,24.27200401
231,140.6819042,140.2383987,140.2712777,6.849566295,9.725182252
233,119.5375374,117.9767052,118.4267244,1.399312991,16.92563499
248,93.52531592,94.80793868,94.82808993,1.770042874,11.0772494
249,81.55657673,80.91343207,80.92854587,1.910319762,10.83078596
250,77.32679973,77.52367026,77.54071887,1.143057842,11.68745406
264,84.17376872,81.28292684,81.35352036,1.672091586,13.22135396
283,63.59407093,63.83518533,63.85338807,1.251181393,11.92345271
299,120.7339446,119.8849096,120.2510744,1.415023851,16.28411791
301,50.4,50.39209343,50.39981713,1.000014041,11.38503055
381,77.77249972,77.89340126,77.93176576,1.482499136,12.48422998
382,103.9809594,103.6517137,103.8521798,2.17416458,14.23244073
383,75.7450951,75.82728459,75.84617546,2.589995901,10.81155488
403,56.55565054,56.68523985,56.70409395,1.7522049,11.66905395
404,58.68625697,58.78840859,58.80891927,1.871043652,11.644808
424,62.9402542,62.81974268,62.85219479,1.91894135,12.16482027
425,66.29585893,62.40533988,64.67782,1.018348906,29.70524558
445,53.02078786,51.95596612,52.56115482,1.017201619,22.31570057
460,78.1471988,78.19479033,78.21291512,3.056563035,10.54060378
461,81.06929526,81.09601684,81.1097328,3.026129284,10.21218274
465,66.36153332,66.54383079,66.58903697,1.794613981,12.69083677
487,122.7260304,122.6120689,122.6211895,1.306979614,10.23119977
504,85.41847651,85.41660856,85.42054922,1.021108598,9.995121492
519,119.2446623,119.2619662,119.2619671,6.741046691,4.844213873
525,84.72102636,84.71751276,84.72130941,1.003846193,9.983187648
530,90.75205489,90.66833454,90.85333264,2.380610799,14.15744304
544,124.6510864,124.2121397,124.2122354,4.049118618,6.462115094
548,88.18189644,88.17057526,88.17471336,1.036026956,9.99776912
552,75.54179732,75.48501594,75.60665535,1.872075665,14.16649024
556,58.73061427,58.89632007,58.89648794,1.134989588,7.755121196
566,105.8063476,105.8033344,105.8033345,6.401713635,4.230799754
567,123.4698166,123.3664718,123.3664886,5.006592456,5.740821574
568,116.5345286,116.502928,116.5029304,6.040715283,5.131330842
569,38.08098174,37.88370739,37.88370739,0.633732259,3.490821564
570,101.8942592,101.3329359,101.4017986,1.475817438,13.01433849
574,66.88090494,66.86049525,66.93119099,1.370155007,13.95125058
576,86.54204104,86.97624866,87.10115357,1.444899413,14.46112454
577,80.23087763,80.21365879,80.26022421,1.021532269,13.3806672
580,90.34943588,90.26175984,90.35006236,1.000389176,14.4277923
597,77.07785681,76.63155826,76.9296014,0.996989056,18.01672547
599,109.4415544,108.3232263,109.0269136,1.07821772,19.53853606
600,88.66642378,88.48225648,88.49961674,1.42711535,11.24581592
601,110.9409158,109.3790687,110.7336133,1.024299894,22.58597779
602,75.85698685,75.9245377,75.99190671,1.149925448,13.95121164
603,83.96535937,84.39142203,84.50916992,1.372474852,14.50853223
621,74.26037793,73.64966897,74.1117657,0.997468037,19.70432443
624,95.8380378,95.83275961,95.8404558,1.132863757,10.46631831
625,85.69078959,85.73241534,85.73368059,1.09632107,8.916083879
627,112.303003,111.8718308,112.0877004,1.016729715,15.95166575
628,54.9,54.86178972,54.89981495,1.000183564,13.74532881
629,100.8171104,102.5767172,103.0762684,1.725544587,17.02406903
639,163.2046947,162.3389593,162.4064697,2.406705317,11.54239461
640,130.6267635,122.5093448,129.3066034,0.996500155,33.98753736
642,110.4340158,109.9814816,110.0560728,1.06180133,13.59310841
647,81.64554713,81.562093,81.58325645,1.027285707,12.07143312
659,119.6803324,119.5319087,119.534852,1.503520807,9.074717544
660,70.60092213,70.59356259,70.60479847,1.000281534,11.43376862
661,63.20716204,63.31726278,63.32990019,1.063647785,11.65344987
673,145.5833067,144.8075165,145.398505,1.043120327,18.02591216
674,95.08662784,95.09999474,95.1,1.60888043,5.81875278
675,82.80630276,82.76741162,82.81507575,1.014105805,13.37937735
676,71.09584599,71.04987,71.09911184,1.000000006,13.74554102
677,81.32963064,81.27055516,81.3313727,1.004563917,13.88318002
686,120.9399633,120.6033966,120.7049325,0.994280163,14.13435952
687,145.6201685,144.8103094,144.8180234,1.508446998,9.754886775
688,93.36067406,93.39786892,93.4,1.30920884,9.126219007
689,106.9382506,106.9513318,106.9528049,2.256657177,8.328736675
690,91.81120797,91.86716775,91.88018485,1.740223061,10.62026649
701,102.3021982,102.3106222,102.3114568,2.606676705,7.88976526
702,112.6763459,112.7030467,112.7037663,2.827301542,7.691732293
748,113.5794334,113.1589688,113.1824315,1.525046413,11.23175112
